,month,coicop_code,coicop_category,index_value,lag_1,lag_12,monthly_pct,annual_pct
8,2020-01-01,CP00,Overall Index,108.3,,,,
18,2020-02-01,CP00,Overall Index,108.6,108.3,,0.27700831024930483,
31,2020-03-01,CP00,Overall Index,108.6,108.6,,0.0,
42,2020-04-01,CP00,Overall Index,108.6,108.6,,0.0,
58,2020-05-01,CP00,Overall Index,108.6,108.6,,0.0,
65,2020-06-01,CP00,Overall Index,108.8,108.6,,0.18416206261511192,
86,2020-07-01,CP00,Overall Index,109.2,108.8,,0.3676470588235281,
99,2020-08-01,CP00,Overall Index,108.8,109.2,,-0.3663003663003761,
107,2020-09-01,CP00,Overall Index,109.2,108.8,,0.3676470588235281,
123,2020-10-01,CP00,Overall Index,109.2,109.2,,0.0,
141,2020-11-01,CP00,Overall Index,109.1,109.2,,-0.09157509157510235,
151,2020-12-01,CP00,Overall Index,109.4,109.1,,0.2749770852429112,
156,2021-01-01,CP00,Overall Index,109.3,109.4,108.3,-0.0914076782449813,0.9233610341643494
172,2021-02-01,CP00,Overall Index,109.4,109.3,108.6,0.09149130832570851,0.7366482504604255
188,2021-03-01,CP00,Overall Index,109.7,109.4,108.6,0.2742230347349217,1.0128913443830712
206,2021-04-01,CP00,Overall Index,110.4,109.7,108.6,0.6381039197812299,1.6574585635359185
219,2021-05-01,CP00,Overall Index,111.0,110.4,108.6,0.5434782608695565,2.20994475138121
224,2021-06-01,CP00,Overall Index,111.4,111.0,108.8,0.3603603603603567,2.389705882352944
236,2021-07-01,CP00,Overall Index,111.4,111.4,109.2,0.0,2.0146520146520075
250,2021-08-01,CP00,Overall Index,112.1,111.4,108.8,0.6283662477558183,3.0330882352941124
267,2021-09-01,CP00,Overall Index,112.4,112.1,109.2,0.267618198037467,2.930402930402942
275,2021-10-01,CP00,Overall Index,113.4,112.4,109.2,0.8896797153024938,3.8461538461538547
286,2021-11-01,CP00,Overall Index,114.1,113.4,109.1,0.6172839506172645,4.582951420714942
304,2021-12-01,CP00,Overall Index,114.682,114.1,109.4,0.5100788781770449,4.828153564899451
317,2022-01-01,CP00,Overall Index,114.6,114.682,109.3,-0.07150206658412817,4.849039341262573
337,2022-02-01,CP00,Overall Index,115.4,114.6,109.4,0.6980802792321272,5.484460694698345
339,2022-03-01,CP00,Overall Index,116.5,115.4,109.7,0.9532062391681029,6.198723792160443
356,2022-04-01,CP00,Overall Index,119.0,116.5,110.4,2.145922746781115,7.789855072463769
373,2022-05-01,CP00,Overall Index,119.7,119.0,111.0,0.588235294117645,7.837837837837847
385,2022-06-01,CP00,Overall Index,120.5,119.7,111.4,0.6683375104427736,8.168761220825838
398,2022-07-01,CP00,Overall Index,121.2,120.5,111.4,0.5809128630705374,8.797127468581678
409,2022-08-01,CP00,Overall Index,121.8,121.2,112.1,0.4950495049504955,8.652988403211426
428,2022-09-01,CP00,Overall Index,122.3,121.8,112.4,0.4105090311986803,8.807829181494654
433,2022-10-01,CP00,Overall Index,124.3,122.3,113.4,1.6353229762878119,9.611992945326264
447,2022-11-01,CP00,Overall Index,124.8,124.3,114.1,0.4022526146419958,9.377738825591585
458,2022-12-01,CP00,Overall Index,125.3,124.8,114.682,0.4006410256410353,9.25864564622172
474,2023-01-01,CP00,Overall Index,124.8,125.3,114.6,-0.3990422984836428,8.900523560209429
483,2023-02-01,CP00,Overall Index,126.0,124.8,115.4,0.9615384615384581,9.185441941074512
494,2023-03-01,CP00,Overall Index,126.8,126.0,116.5,0.6349206349206327,8.84120171673819
507,2023-04-01,CP00,Overall Index,128.3,126.8,119.0,1.1829652996845574,7.815126050420185
520,2023-05-01,CP00,Overall Index,129.1,128.3,119.7,0.623538581449723,7.852965747702578
534,2023-06-01,CP00,Overall Index,129.4,129.1,120.5,0.23237800154920496,7.385892116182569
548,2023-07-01,CP00,Overall Index,129.0,129.4,121.2,-0.3091190108191699,6.435643564356441
563,2023-08-01,CP00,Overall Index,129.4,129.0,121.8,0.31007751937985883,6.239737274220047
579,2023-09-01,CP00,Overall Index,130.1,129.4,122.3,0.5409582689335224,6.377759607522493
591,2023-10-01,CP00,Overall Index,130.2,130.1,124.3,0.0768639508070601,4.746580852775528
603,2023-11-01,CP00,Overall Index,130.0,130.2,124.8,-0.1536098310291778,4.166666666666674
622,2023-12-01,CP00,Overall Index,130.5,130.0,125.3,0.38461538461538325,4.150039904229841
633,2024-01-01,CP00,Overall Index,130.0,130.5,124.8,-0.3831417624521105,4.166666666666674
640,2024-02-01,CP00,Overall Index,130.8,130.0,126.0,0.6153846153846176,3.809523809523818
660,2024-03-01,CP00,Overall Index,131.6,130.8,126.8,0.6116207951070152,3.785488958990535
667,2024-04-01,CP00,Overall Index,132.2,131.6,128.3,0.45592705167172287,3.039750584567402
686,2024-05-01,CP00,Overall Index,132.7,132.2,129.1,0.3782148260211837,2.7885360185902375
700,2024-06-01,CP00,Overall Index,133.0,132.7,129.4,0.22607385079127518,2.782071097372474
704,2024-07-01,CP00,Overall Index,132.9,133.0,129.0,-0.07518796992480592,3.023255813953485
726,2024-08-01,CP00,Overall Index,133.4,132.9,129.4,0.3762227238525151,3.091190108191655
737,2024-09-01,CP00,Overall Index,133.5,133.4,130.1,0.07496251874061777,2.613374327440443
746,2024-10-01,CP00,Overall Index,134.3,133.5,130.2,0.5992509363295984,3.149001536098317
757,2024-11-01,CP00,Overall Index,134.6,134.3,130.0,0.22338049143706407,3.5384615384615348
772,2024-12-01,CP00,Overall Index,135.1,134.6,130.5,0.3714710252600284,3.5249042145593767
780,2025-01-01,CP00,Overall Index,135.1,135.1,130.0,0.0,3.923076923076918
9,2020-01-01,CP01,01 Food and non-alcoholic beverages,104.2,,,,
21,2020-02-01,CP01,01 Food and non-alcoholic beverages,104.4,104.2,,0.19193857965451588,
37,2020-03-01,CP01,01 Food and non-alcoholic beverages,104.6,104.4,,0.19157088122603305,
43,2020-04-01,CP01,01 Food and non-alcoholic beverages,104.4,104.6,,-0.19120458891012104,
53,2020-05-01,CP01,01 Food and non-alcoholic beverages,105.0,104.4,,0.5747126436781658,
72,2020-06-01,CP01,01 Food and non-alcoholic beverages,104.4,105.0,,-0.5714285714285672,
85,2020-07-01,CP01,01 Food and non-alcoholic beverages,104.1,104.4,,-0.287356321839094,
94,2020-08-01,CP01,01 Food and non-alcoholic beverages,104.2,104.1,,0.09606147934679843,
114,2020-09-01,CP01,01 Food and non-alcoholic beverages,103.5,104.2,,-0.6717850287907945,
119,2020-10-01,CP01,01 Food and non-alcoholic beverages,103.5,103.5,,0.0,
136,2020-11-01,CP01,01 Food and non-alcoholic beverages,103.3,103.5,,-0.19323671497585293,
150,2020-12-01,CP01,01 Food and non-alcoholic beverages,102.9,103.3,,-0.38722168441431837,
168,2021-01-01,CP01,01 Food and non-alcoholic beverages,103.5,102.9,104.2,0.5830903790087438,-0.6717850287907945
174,2021-02-01,CP01,01 Food and non-alcoholic beverages,103.8,103.5,104.4,0.28985507246377384,-0.5747126436781658
183,2021-03-01,CP01,01 Food and non-alcoholic beverages,103.1,103.8,104.6,-0.6743737957610851,-1.4340344168260022
195,2021-04-01,CP01,01 Food and non-alcoholic beverages,103.9,103.1,104.4,0.7759456838021483,-0.47892720306513814
218,2021-05-01,CP01,01 Food and non-alcoholic beverages,103.6,103.9,105.0,-0.2887391722810495,-1.333333333333342
221,2021-06-01,CP01,01 Food and non-alcoholic beverages,103.8,103.6,104.4,0.19305019305020377,-0.5747126436781658
241,2021-07-01,CP01,01 Food and non-alcoholic beverages,103.4,103.8,104.1,-0.385356454720609,-0.6724303554274669
248,2021-08-01,CP01,01 Food and non-alcoholic beverages,104.6,103.4,104.2,1.1605415860734825,0.38387715930900956
261,2021-09-01,CP01,01 Food and non-alcoholic beverages,104.4,104.6,103.5,-0.19120458891012104,0.8695652173912993
283,2021-10-01,CP01,01 Food and non-alcoholic beverages,104.9,104.4,103.5,0.47892720306512704,1.352657004830915
289,2021-11-01,CP01,01 Food and non-alcoholic beverages,105.9,104.9,103.3,0.9532888465205058,2.516940948693125
299,2021-12-01,CP01,01 Food and non-alcoholic beverages,107.254,105.9,102.9,1.2785646836638298,4.231292517006802
312,2022-01-01,CP01,01 Food and non-alcoholic beverages,108.0,107.254,103.5,0.6955451544930602,4.347826086956519
328,2022-02-01,CP01,01 Food and non-alcoholic beverages,109.0,108.0,103.8,0.92592592592593,5.009633911368017
342,2022-03-01,CP01,01 Food and non-alcoholic beverages,109.3,109.0,103.1,0.2752293577981568,6.013579049466533
353,2022-04-01,CP01,01 Food and non-alcoholic beverages,110.9,109.3,103.9,1.4638609332113584,6.737247353224252
376,2022-05-01,CP01,01 Food and non-alcoholic beverages,112.6,110.9,103.6,1.5329125338142457,8.68725868725868
378,2022-06-01,CP01,01 Food and non-alcoholic beverages,114.0,112.6,103.8,1.243339253996445,9.826589595375722
395,2022-07-01,CP01,01 Food and non-alcoholic beverages,116.6,114.0,103.4,2.28070175438595,12.765957446808507
406,2022-08-01,CP01,01 Food and non-alcoholic beverages,118.3,116.6,104.6,1.4579759862778818,13.097514340344162
417,2022-09-01,CP01,01 Food and non-alcoholic beverages,119.6,118.3,104.4,1.098901098901095,14.559386973180066
435,2022-10-01,CP01,01 Food and non-alcoholic beverages,122.0,119.6,104.9,2.006688963210701,16.301239275500468
448,2022-11-01,CP01,01 Food and non-alcoholic beverages,123.4,122.0,105.9,1.1475409836065653,16.525023607176582
455,2022-12-01,CP01,01 Food and non-alcoholic beverages,125.4,123.4,107.254,1.620745542949753,16.91871631827251
477,2023-01-01,CP01,01 Food and non-alcoholic beverages,126.1,125.4,108.0,0.5582137161084466,16.759259259259252
488,2023-02-01,CP01,01 Food and non-alcoholic beverages,128.8,126.1,109.0,2.1411578112609186,18.165137614678905
504,2023-03-01,CP01,01 Food and non-alcoholic beverages,130.2,128.8,109.3,1.086956521739113,19.12168344007319
512,2023-04-01,CP01,01 Food and non-alcoholic beverages,132.1,130.2,110.9,1.4592933947772613,19.116321009918824
527,2023-05-01,CP01,01 Food and non-alcoholic beverages,133.3,132.1,112.6,0.9084027252081794,18.383658969804628
544,2023-06-01,CP01,01 Food and non-alcoholic beverages,133.8,133.3,114.0,0.3750937734433579,17.36842105263159
549,2023-07-01,CP01,01 Food and non-alcoholic beverages,133.9,133.8,116.6,0.07473841554559435,14.837049742710139
562,2023-08-01,CP01,01 Food and non-alcoholic beverages,134.4,133.9,118.3,0.37341299477222645,13.609467455621305
576,2023-09-01,CP01,01 Food and non-alcoholic beverages,134.2,134.4,119.6,-0.14880952380953438,12.207357859531776
589,2023-10-01,CP01,01 Food and non-alcoholic beverages,134.4,134.2,122.0,0.14903129657228842,10.163934426229515
606,2023-11-01,CP01,01 Food and non-alcoholic beverages,134.8,134.4,123.4,0.29761904761904656,9.238249594813608
614,2023-12-01,CP01,01 Food and non-alcoholic beverages,135.5,134.8,125.4,0.5192878338278861,8.05422647527909
636,2024-01-01,CP01,01 Food and non-alcoholic beverages,134.9,135.5,126.1,-0.44280442804427445,6.978588421887411
637,2024-02-01,CP01,01 Food and non-alcoholic beverages,135.2,134.9,128.8,0.2223869532987255,4.968944099378869
655,2024-03-01,CP01,01 Food and non-alcoholic beverages,135.5,135.2,130.2,0.22189349112426981,4.070660522273428
669,2024-04-01,CP01,01 Food and non-alcoholic beverages,135.9,135.5,132.1,0.2952029520295163,2.8766086298259053
685,2024-05-01,CP01,01 Food and non-alcoholic beverages,135.6,135.9,133.3,-0.22075055187639192,1.7254313578394465
699,2024-06-01,CP01,01 Food and non-alcoholic beverages,135.8,135.6,133.8,0.1474926253687503,1.4947683109117982
712,2024-07-01,CP01,01 Food and non-alcoholic beverages,135.9,135.8,133.9,0.07363770250368162,1.4936519790888614
727,2024-08-01,CP01,01 Food and non-alcoholic beverages,136.2,135.9,134.4,0.2207505518763586,1.3392857142856984
736,2024-09-01,CP01,01 Food and non-alcoholic beverages,136.7,136.2,134.2,0.36710719530101965,1.8628912071535053
741,2024-10-01,CP01,01 Food and non-alcoholic beverages,136.9,136.7,134.4,0.1463057790782818,1.8601190476190466
761,2024-11-01,CP01,01 Food and non-alcoholic beverages,137.5,136.9,134.8,0.43827611395179655,2.0029673590504338
767,2024-12-01,CP01,01 Food and non-alcoholic beverages,138.2,137.5,135.5,0.5090909090909035,1.9926199261992572
781,2025-01-01,CP01,01 Food and non-alcoholic beverages,139.4,138.2,134.9,0.868306801736618,3.3358042994811044
7,2020-01-01,CP02,02 Alcoholic beverages and tobacco,115.7,,,,
22,2020-02-01,CP02,02 Alcoholic beverages and tobacco,115.7,115.7,,0.0,
34,2020-03-01,CP02,02 Alcoholic beverages and tobacco,116.2,115.7,,0.4321521175453702,
45,2020-04-01,CP02,02 Alcoholic beverages and tobacco,117.0,116.2,,0.688468158347666,
52,2020-05-01,CP02,02 Alcoholic beverages and tobacco,117.3,117.0,,0.2564102564102555,
69,2020-06-01,CP02,02 Alcoholic beverages and tobacco,117.0,117.3,,-0.2557544757033181,
88,2020-07-01,CP02,02 Alcoholic beverages and tobacco,117.5,117.0,,0.42735042735042583,
93,2020-08-01,CP02,02 Alcoholic beverages and tobacco,116.8,117.5,,-0.5957446808510625,
104,2020-09-01,CP02,02 Alcoholic beverages and tobacco,116.9,116.8,,0.08561643835616195,
121,2020-10-01,CP02,02 Alcoholic beverages and tobacco,117.2,116.9,,0.2566295979469668,
130,2020-11-01,CP02,02 Alcoholic beverages and tobacco,116.9,117.2,,-0.25597269624573205,
145,2020-12-01,CP02,02 Alcoholic beverages and tobacco,117.0,116.9,,0.0855431993156408,
158,2021-01-01,CP02,02 Alcoholic beverages and tobacco,119.4,117.0,115.7,2.051282051282066,3.1979256698357883
180,2021-02-01,CP02,02 Alcoholic beverages and tobacco,119.1,119.4,115.7,-0.2512562814070418,2.9386343993085484
194,2021-03-01,CP02,02 Alcoholic beverages and tobacco,119.0,119.1,116.2,-0.08396305625524292,2.4096385542168752
197,2021-04-01,CP02,02 Alcoholic beverages and tobacco,119.5,119.0,117.0,0.42016806722688926,2.136752136752129
220,2021-05-01,CP02,02 Alcoholic beverages and tobacco,119.4,119.5,117.3,-0.08368200836819106,1.7902813299232712
222,2021-06-01,CP02,02 Alcoholic beverages and tobacco,119.9,119.4,117.0,0.41876046901172526,2.478632478632492
243,2021-07-01,CP02,02 Alcoholic beverages and tobacco,119.3,119.9,117.5,-0.5004170141784892,1.5319148936170146
258,2021-08-01,CP02,02 Alcoholic beverages and tobacco,119.8,119.3,116.8,0.419111483654655,2.568493150684925
272,2021-09-01,CP02,02 Alcoholic beverages and tobacco,120.1,119.8,116.9,0.25041736227044975,2.7373823781009277
278,2021-10-01,CP02,02 Alcoholic beverages and tobacco,119.5,120.1,117.2,-0.4995836802664355,1.9624573378839605
296,2021-11-01,CP02,02 Alcoholic beverages and tobacco,122.6,119.5,116.9,2.5941422594142116,4.875962360992281
305,2021-12-01,CP02,02 Alcoholic beverages and tobacco,121.66,122.6,117.0,-0.7667210440456707,3.982905982905982
318,2022-01-01,CP02,02 Alcoholic beverages and tobacco,123.3,121.66,119.4,1.3480190695380534,3.2663316582914437
327,2022-02-01,CP02,02 Alcoholic beverages and tobacco,123.4,123.3,119.1,0.08110300081103361,3.6104114189756675
349,2022-03-01,CP02,02 Alcoholic beverages and tobacco,124.7,123.4,119.0,1.0534846029173428,4.78991596638656
357,2022-04-01,CP02,02 Alcoholic beverages and tobacco,124.8,124.7,119.5,0.0801924619085792,4.435146443514637
364,2022-05-01,CP02,02 Alcoholic beverages and tobacco,125.4,124.8,119.4,0.48076923076922906,5.025125628140703
380,2022-06-01,CP02,02 Alcoholic beverages and tobacco,125.5,125.4,119.9,0.07974481658692412,4.670558798999158
397,2022-07-01,CP02,02 Alcoholic beverages and tobacco,125.9,125.5,119.3,0.3187250996016022,5.5322715842414105
414,2022-08-01,CP02,02 Alcoholic beverages and tobacco,126.4,125.9,119.8,0.3971405877680745,5.509181969949917
425,2022-09-01,CP02,02 Alcoholic beverages and tobacco,126.8,126.4,120.1,0.31645569620253333,5.578684429641978
430,2022-10-01,CP02,02 Alcoholic beverages and tobacco,126.9,126.8,119.5,0.07886435331230235,6.192468619246871
445,2022-11-01,CP02,02 Alcoholic beverages and tobacco,127.7,126.9,122.6,0.6304176516942483,4.159869494290391
462,2022-12-01,CP02,02 Alcoholic beverages and tobacco,126.2,127.7,121.66,-1.1746280344557603,3.731711326648046
473,2023-01-01,CP02,02 Alcoholic beverages and tobacco,129.6,126.2,123.3,2.694136291600624,5.109489051094895
484,2023-02-01,CP02,02 Alcoholic beverages and tobacco,130.4,129.6,123.4,0.6172839506172867,5.672609400324147
503,2023-03-01,CP02,02 Alcoholic beverages and tobacco,131.4,130.4,124.7,0.7668711656441785,5.3728949478748955
508,2023-04-01,CP02,02 Alcoholic beverages and tobacco,136.1,131.4,124.8,3.5768645357686424,9.05448717948718
524,2023-05-01,CP02,02 Alcoholic beverages and tobacco,136.9,136.1,125.4,0.5878030859661987,9.170653907496007
536,2023-06-01,CP02,02 Alcoholic beverages and tobacco,137.0,136.9,125.5,0.07304601899196239,9.163346613545809
550,2023-07-01,CP02,02 Alcoholic beverages and tobacco,137.6,137.0,125.9,0.43795620437956373,9.293089753772833
560,2023-08-01,CP02,02 Alcoholic beverages and tobacco,139.6,137.6,126.4,1.4534883720930258,10.443037974683534
581,2023-09-01,CP02,02 Alcoholic beverages and tobacco,141.0,139.6,126.8,1.002865329512903,11.198738170347
593,2023-10-01,CP02,02 Alcoholic beverages and tobacco,140.8,141.0,126.9,-0.14184397163119478,10.953506698187553
600,2023-11-01,CP02,02 Alcoholic beverages and tobacco,140.7,140.8,127.7,-0.0710227272727404,10.180109631949863
620,2023-12-01,CP02,02 Alcoholic beverages and tobacco,142.4,140.7,126.2,1.2082444918265933,12.836767036450091
634,2024-01-01,CP02,02 Alcoholic beverages and tobacco,145.5,142.4,129.6,2.1769662921348187,12.268518518518533
645,2024-02-01,CP02,02 Alcoholic beverages and tobacco,145.8,145.5,130.4,0.20618556701030855,11.809815950920255
662,2024-03-01,CP02,02 Alcoholic beverages and tobacco,147.0,145.8,131.4,0.8230452674897082,11.87214611872145
664,2024-04-01,CP02,02 Alcoholic beverages and tobacco,147.1,147.0,136.1,0.06802721088434716,8.082292432035265
678,2024-05-01,CP02,02 Alcoholic beverages and tobacco,147.6,147.1,136.9,0.3399048266485405,7.815924032140242
694,2024-06-01,CP02,02 Alcoholic beverages and tobacco,147.0,147.6,137.0,-0.40650406504064707,7.299270072992692
708,2024-07-01,CP02,02 Alcoholic beverages and tobacco,147.6,147.0,137.6,0.40816326530612734,7.267441860465107
721,2024-08-01,CP02,02 Alcoholic beverages and tobacco,147.6,147.6,139.6,0.0,5.730659025787976
735,2024-09-01,CP02,02 Alcoholic beverages and tobacco,147.7,147.6,141.0,0.06775067750677266,4.75177304964538
750,2024-10-01,CP02,02 Alcoholic beverages and tobacco,148.1,147.7,140.8,0.27081922816520887,5.184659090909083
756,2024-11-01,CP02,02 Alcoholic beverages and tobacco,150.2,148.1,140.7,1.417960837272103,6.751954513148539
776,2024-12-01,CP02,02 Alcoholic beverages and tobacco,149.9,150.2,142.4,-0.1997336884154377,5.266853932584259
785,2025-01-01,CP02,02 Alcoholic beverages and tobacco,152.6,149.9,145.5,1.8012008005336755,4.879725085910658
5,2020-01-01,CP03,03 Clothing and footwear,100.7,,,,
17,2020-02-01,CP03,03 Clothing and footwear,101.6,100.7,,0.893743793445867,
29,2020-03-01,CP03,03 Clothing and footwear,101.2,101.6,,-0.393700787401563,
48,2020-04-01,CP03,03 Clothing and footwear,99.8,101.2,,-1.3833992094861691,
56,2020-05-01,CP03,03 Clothing and footwear,100.0,99.8,,0.20040080160321772,
73,2020-06-01,CP03,03 Clothing and footwear,99.9,100.0,,-0.09999999999998899,
82,2020-07-01,CP03,03 Clothing and footwear,99.2,99.9,,-0.7007007007007071,
98,2020-08-01,CP03,03 Clothing and footwear,99.6,99.2,,0.40322580645160144,
115,2020-09-01,CP03,03 Clothing and footwear,102.5,99.6,,2.9116465863453955,
128,2020-10-01,CP03,03 Clothing and footwear,105.0,102.5,,2.4390243902439046,
140,2020-11-01,CP03,03 Clothing and footwear,102.2,105.0,,-2.6666666666666616,
153,2020-12-01,CP03,03 Clothing and footwear,102.3,102.2,,0.09784735812132794,
163,2021-01-01,CP03,03 Clothing and footwear,97.4,102.3,100.7,-4.789833822091882,-3.277060575968216
176,2021-02-01,CP03,03 Clothing and footwear,95.9,97.4,101.6,-1.5400410677618104,-5.610236220472431
192,2021-03-01,CP03,03 Clothing and footwear,97.4,95.9,101.2,1.564129301355588,-3.754940711462451
199,2021-04-01,CP03,03 Clothing and footwear,99.8,97.4,99.8,2.4640657084188833,0.0
217,2021-05-01,CP03,03 Clothing and footwear,102.1,99.8,100.0,2.3046092184368705,2.0999999999999908
231,2021-06-01,CP03,03 Clothing and footwear,102.8,102.1,99.9,0.6856023506366382,2.902902902902893
242,2021-07-01,CP03,03 Clothing and footwear,100.8,102.8,99.2,-1.945525291828798,1.6129032258064502
252,2021-08-01,CP03,03 Clothing and footwear,101.0,100.8,99.6,0.1984126984126977,1.4056224899598346
269,2021-09-01,CP03,03 Clothing and footwear,103.1,101.0,102.5,2.079207920792081,0.5853658536585371
279,2021-10-01,CP03,03 Clothing and footwear,104.7,103.1,105.0,1.5518913676042745,-0.28571428571427804
295,2021-11-01,CP03,03 Clothing and footwear,105.8,104.7,102.2,1.0506208213944657,3.5225048923678948
301,2021-12-01,CP03,03 Clothing and footwear,106.576,105.8,102.3,0.733459357277888,4.1798631476050785
322,2022-01-01,CP03,03 Clothing and footwear,103.5,106.576,97.4,-2.886203272781862,6.262833675564683
329,2022-02-01,CP03,03 Clothing and footwear,104.3,103.5,95.9,0.7729468599033895,8.75912408759123
345,2022-03-01,CP03,03 Clothing and footwear,106.9,104.3,97.4,2.4928092042186156,9.753593429158114
355,2022-04-01,CP03,03 Clothing and footwear,108.0,106.9,99.8,1.0289990645462987,8.21643286573146
368,2022-05-01,CP03,03 Clothing and footwear,109.1,108.0,102.1,1.0185185185185075,6.8560235063663155
388,2022-06-01,CP03,03 Clothing and footwear,109.2,109.1,102.8,0.09165902841430373,6.22568093385214
399,2022-07-01,CP03,03 Clothing and footwear,107.5,109.2,100.8,-1.5567765567765623,6.646825396825395
403,2022-08-01,CP03,03 Clothing and footwear,108.6,107.5,101.0,1.023255813953483,7.524752475247509
424,2022-09-01,CP03,03 Clothing and footwear,111.8,108.6,103.1,2.946593001841613,8.438409311348206
437,2022-10-01,CP03,03 Clothing and footwear,113.6,111.8,104.7,1.610017889087656,8.500477554918806
446,2022-11-01,CP03,03 Clothing and footwear,113.7,113.6,105.8,0.08802816901409827,7.466918714555781
464,2022-12-01,CP03,03 Clothing and footwear,113.4,113.7,106.576,-0.26385224274405594,6.402942501125963
479,2023-01-01,CP03,03 Clothing and footwear,109.9,113.4,103.5,-3.0864197530864224,6.1835748792270495
481,2023-02-01,CP03,03 Clothing and footwear,112.7,109.9,104.3,2.547770700636942,8.053691275167797
498,2023-03-01,CP03,03 Clothing and footwear,114.5,112.7,106.9,1.5971606033717833,7.109448082319925
519,2023-04-01,CP03,03 Clothing and footwear,115.3,114.5,108.0,0.698689956331866,6.759259259259265
528,2023-05-01,CP03,03 Clothing and footwear,116.8,115.3,109.1,1.300954032957513,7.05774518790101
535,2023-06-01,CP03,03 Clothing and footwear,117.1,116.8,109.2,0.25684931506848585,7.234432234432231
554,2023-07-01,CP03,03 Clothing and footwear,114.6,117.1,107.5,-2.1349274124679796,6.604651162790698
568,2023-08-01,CP03,03 Clothing and footwear,116.2,114.6,108.6,1.3961605584642323,6.998158379373853
572,2023-09-01,CP03,03 Clothing and footwear,119.5,116.2,111.8,2.839931153184172,6.887298747763859
592,2023-10-01,CP03,03 Clothing and footwear,120.6,119.5,113.6,0.9205020920502127,6.161971830985924
608,2023-11-01,CP03,03 Clothing and footwear,120.2,120.6,113.7,-0.3316749585406287,5.716798592788042
621,2023-12-01,CP03,03 Clothing and footwear,120.7,120.2,113.4,0.4159733777038266,6.437389770723101
632,2024-01-01,CP03,03 Clothing and footwear,115.9,120.7,109.9,-3.976801988400991,5.459508644222022
639,2024-02-01,CP03,03 Clothing and footwear,118.3,115.9,112.7,2.070750647109576,4.968944099378869
653,2024-03-01,CP03,03 Clothing and footwear,119.0,118.3,114.5,0.591715976331364,3.9301310043668103
663,2024-04-01,CP03,03 Clothing and footwear,119.5,119.0,115.3,0.42016806722688926,3.642671292281019
684,2024-05-01,CP03,03 Clothing and footwear,120.3,119.5,116.8,0.6694560669455951,2.996575342465757
701,2024-06-01,CP03,03 Clothing and footwear,118.9,120.3,117.1,-1.163757273482957,1.5371477369769515
702,2024-07-01,CP03,03 Clothing and footwear,116.8,118.9,114.6,-1.766190075693863,1.919720767888311
724,2024-08-01,CP03,03 Clothing and footwear,118.0,116.8,116.2,1.0273972602739656,1.5490533562822595
728,2024-09-01,CP03,03 Clothing and footwear,120.5,118.0,119.5,2.1186440677966045,0.8368200836819994
752,2024-10-01,CP03,03 Clothing and footwear,121.8,120.5,120.6,1.078838174273855,0.995024875621886
755,2024-11-01,CP03,03 Clothing and footwear,122.6,121.8,120.2,0.6568144499178974,1.9966722129783676
769,2024-12-01,CP03,03 Clothing and footwear,122.0,122.6,120.7,-0.4893964110929794,1.0770505385252704
790,2025-01-01,CP03,03 Clothing and footwear,118.0,122.0,115.9,-3.2786885245901676,1.8119068162208762
12,2020-01-01,CP04,"04 Housing, water, electricity, gas and other fuels",108.0,,,,
16,2020-02-01,CP04,"04 Housing, water, electricity, gas and other fuels",108.0,108.0,,0.0,
28,2020-03-01,CP04,"04 Housing, water, electricity, gas and other fuels",108.0,108.0,,0.0,
47,2020-04-01,CP04,"04 Housing, water, electricity, gas and other fuels",108.2,108.0,,0.18518518518517713,
61,2020-05-01,CP04,"04 Housing, water, electricity, gas and other fuels",108.3,108.2,,0.09242144177448175,
74,2020-06-01,CP04,"04 Housing, water, electricity, gas and other fuels",108.4,108.3,,0.09233610341643494,
89,2020-07-01,CP04,"04 Housing, water, electricity, gas and other fuels",108.6,108.4,,0.18450184501843658,
103,2020-08-01,CP04,"04 Housing, water, electricity, gas and other fuels",108.7,108.6,,0.09208103130755596,
108,2020-09-01,CP04,"04 Housing, water, electricity, gas and other fuels",108.8,108.7,,0.09199632014718073,
129,2020-10-01,CP04,"04 Housing, water, electricity, gas and other fuels",108.3,108.8,,-0.4595588235294157,
142,2020-11-01,CP04,"04 Housing, water, electricity, gas and other fuels",108.4,108.3,,0.09233610341643494,
154,2020-12-01,CP04,"04 Housing, water, electricity, gas and other fuels",108.6,108.4,,0.18450184501843658,
167,2021-01-01,CP04,"04 Housing, water, electricity, gas and other fuels",108.7,108.6,108.0,0.09208103130755596,0.6481481481481532
170,2021-02-01,CP04,"04 Housing, water, electricity, gas and other fuels",108.8,108.7,108.0,0.09199632014718073,0.7407407407407307
186,2021-03-01,CP04,"04 Housing, water, electricity, gas and other fuels",108.9,108.8,108.0,0.09191176470588758,0.8333333333333304
198,2021-04-01,CP04,"04 Housing, water, electricity, gas and other fuels",110.1,108.9,108.2,1.1019283746556363,1.7560073937153309
209,2021-05-01,CP04,"04 Housing, water, electricity, gas and other fuels",110.3,110.1,108.3,0.18165304268846771,1.846722068328721
227,2021-06-01,CP04,"04 Housing, water, electricity, gas and other fuels",110.5,110.3,108.4,0.18132366273799772,1.9372693726937174
235,2021-07-01,CP04,"04 Housing, water, electricity, gas and other fuels",110.7,110.5,108.6,0.18099547511312153,1.9337016574585641
256,2021-08-01,CP04,"04 Housing, water, electricity, gas and other fuels",110.8,110.7,108.7,0.09033423667570428,1.9319227230910618
263,2021-09-01,CP04,"04 Housing, water, electricity, gas and other fuels",111.0,110.8,108.8,0.18050541516245744,2.0220588235294157
274,2021-10-01,CP04,"04 Housing, water, electricity, gas and other fuels",112.4,111.0,108.3,1.2612612612612706,3.785780240073877
298,2021-11-01,CP04,"04 Housing, water, electricity, gas and other fuels",112.6,112.4,108.4,0.177935943060481,3.8745387453874347
303,2021-12-01,CP04,"04 Housing, water, electricity, gas and other fuels",112.899,112.6,108.6,0.2655417406749683,3.958563535911619
319,2022-01-01,CP04,"04 Housing, water, electricity, gas and other fuels",113.2,112.899,108.7,0.2666099788306342,4.1398344066237325
332,2022-02-01,CP04,"04 Housing, water, electricity, gas and other fuels",113.4,113.2,108.8,0.17667844522968323,4.2279411764706065
344,2022-03-01,CP04,"04 Housing, water, electricity, gas and other fuels",113.8,113.4,108.9,0.3527336860670083,4.499540863177209
360,2022-04-01,CP04,"04 Housing, water, electricity, gas and other fuels",119.6,113.8,110.1,5.096660808435849,8.628519527702094
366,2022-05-01,CP04,"04 Housing, water, electricity, gas and other fuels",120.0,119.6,110.3,0.33444816053511683,8.79419764279239
384,2022-06-01,CP04,"04 Housing, water, electricity, gas and other fuels",120.3,120.0,110.5,0.24999999999999467,8.868778280542976
401,2022-07-01,CP04,"04 Housing, water, electricity, gas and other fuels",120.8,120.3,110.7,0.41562759767248547,9.12375790424571
405,2022-08-01,CP04,"04 Housing, water, electricity, gas and other fuels",121.0,120.8,110.8,0.16556291390728006,9.205776173285196
418,2022-09-01,CP04,"04 Housing, water, electricity, gas and other fuels",121.4,121.0,111.0,0.33057851239670644,9.369369369369384
431,2022-10-01,CP04,"04 Housing, water, electricity, gas and other fuels",125.5,121.4,112.4,3.377265238879734,11.654804270462638
443,2022-11-01,CP04,"04 Housing, water, electricity, gas and other fuels",125.8,125.5,112.6,0.23904382470119057,11.722912966252231
460,2022-12-01,CP04,"04 Housing, water, electricity, gas and other fuels",126.1,125.8,112.899,0.23847376788552754,11.69275192871504
472,2023-01-01,CP04,"04 Housing, water, electricity, gas and other fuels",126.6,126.1,113.2,0.3965107057890549,11.837455830388688
482,2023-02-01,CP04,"04 Housing, water, electricity, gas and other fuels",126.8,126.6,113.4,0.15797788309637184,11.816578483245133
506,2023-03-01,CP04,"04 Housing, water, electricity, gas and other fuels",127.1,126.8,113.8,0.23659305993690705,11.687170474516684
518,2023-04-01,CP04,"04 Housing, water, electricity, gas and other fuels",128.3,127.1,119.6,0.9441384736428082,7.274247491638808
525,2023-05-01,CP04,"04 Housing, water, electricity, gas and other fuels",128.7,128.3,120.0,0.3117692907248504,7.250000000000001
538,2023-06-01,CP04,"04 Housing, water, electricity, gas and other fuels",129.1,128.7,120.3,0.3108003108003077,7.31504571903574
547,2023-07-01,CP04,"04 Housing, water, electricity, gas and other fuels",127.3,129.1,120.8,-1.3942680092951187,5.3807947019867575
567,2023-08-01,CP04,"04 Housing, water, electricity, gas and other fuels",127.8,127.3,121.0,0.39277297721915794,5.61983471074381
574,2023-09-01,CP04,"04 Housing, water, electricity, gas and other fuels",128.3,127.8,121.4,0.3912363067292812,5.683690280065901
587,2023-10-01,CP04,"04 Housing, water, electricity, gas and other fuels",127.9,128.3,125.5,-0.3117692907248726,1.912350597609569
601,2023-11-01,CP04,"04 Housing, water, electricity, gas and other fuels",128.2,127.9,125.8,0.23455824863172214,1.9077901430842648
623,2023-12-01,CP04,"04 Housing, water, electricity, gas and other fuels",128.6,128.2,126.1,0.31201248049923525,1.9825535289452745
635,2024-01-01,CP04,"04 Housing, water, electricity, gas and other fuels",129.7,128.6,126.6,0.8553654743390204,2.4486571879936747
642,2024-02-01,CP04,"04 Housing, water, electricity, gas and other fuels",130.5,129.7,126.8,0.6168080185042557,2.917981072555209
656,2024-03-01,CP04,"04 Housing, water, electricity, gas and other fuels",131.1,130.5,127.1,0.45977011494251485,3.1471282454760052
668,2024-04-01,CP04,"04 Housing, water, electricity, gas and other fuels",130.9,131.1,128.3,-0.15255530129670847,2.0265003897116163
682,2024-05-01,CP04,"04 Housing, water, electricity, gas and other fuels",131.4,130.9,128.7,0.381970970206269,2.0979020979021046
695,2024-06-01,CP04,"04 Housing, water, electricity, gas and other fuels",132.0,131.4,129.1,0.45662100456620447,2.2463206816421444
711,2024-07-01,CP04,"04 Housing, water, electricity, gas and other fuels",132.1,132.0,127.3,0.07575757575757347,3.770620581303996
716,2024-08-01,CP04,"04 Housing, water, electricity, gas and other fuels",132.6,132.1,127.8,0.37850113550341735,3.7558685446009266
730,2024-09-01,CP04,"04 Housing, water, electricity, gas and other fuels",133.2,132.6,128.3,0.4524886877828038,3.8191738113795504
749,2024-10-01,CP04,"04 Housing, water, electricity, gas and other fuels",135.0,133.2,127.9,1.3513513513513598,5.551211884284601
760,2024-11-01,CP04,"04 Housing, water, electricity, gas and other fuels",135.7,135.0,128.2,0.5185185185185182,5.850234009360378
777,2024-12-01,CP04,"04 Housing, water, electricity, gas and other fuels",136.3,135.7,128.6,0.442151805453217,5.987558320373254
782,2025-01-01,CP04,"04 Housing, water, electricity, gas and other fuels",137.0,136.3,129.7,0.5135730007336692,5.628373168851208
3,2020-01-01,CP05,"05 Furniture, household equipment and maintenance",103.6,,,,
15,2020-02-01,CP05,"05 Furniture, household equipment and maintenance",105.4,103.6,,1.737451737451745,
32,2020-03-01,CP05,"05 Furniture, household equipment and maintenance",105.4,105.4,,0.0,
44,2020-04-01,CP05,"05 Furniture, household equipment and maintenance",103.8,105.4,,-1.5180265654649028,
60,2020-05-01,CP05,"05 Furniture, household equipment and maintenance",104.5,103.8,,0.674373795761074,
67,2020-06-01,CP05,"05 Furniture, household equipment and maintenance",105.4,104.5,,0.8612440191387627,
80,2020-07-01,CP05,"05 Furniture, household equipment and maintenance",105.0,105.4,,-0.379506641366234,
97,2020-08-01,CP05,"05 Furniture, household equipment and maintenance",105.5,105.0,,0.4761904761904745,
110,2020-09-01,CP05,"05 Furniture, household equipment and maintenance",105.7,105.5,,0.18957345971564177,
118,2020-10-01,CP05,"05 Furniture, household equipment and maintenance",105.3,105.7,,-0.37842951750236553,
137,2020-11-01,CP05,"05 Furniture, household equipment and maintenance",105.3,105.3,,0.0,
144,2020-12-01,CP05,"05 Furniture, household equipment and maintenance",106.3,105.3,,0.9496676163342821,
159,2021-01-01,CP05,"05 Furniture, household equipment and maintenance",104.6,106.3,103.6,-1.59924741298213,0.9652509652509744
171,2021-02-01,CP05,"05 Furniture, household equipment and maintenance",106.2,104.6,105.4,1.5296367112810794,0.7590132827324458
187,2021-03-01,CP05,"05 Furniture, household equipment and maintenance",107.0,106.2,105.4,0.7532956685499137,1.5180265654648917
202,2021-04-01,CP05,"05 Furniture, household equipment and maintenance",106.6,107.0,103.8,-0.37383177570093906,2.6974951830443183
215,2021-05-01,CP05,"05 Furniture, household equipment and maintenance",107.4,106.6,104.5,0.7504690431519911,2.775119617224875
228,2021-06-01,CP05,"05 Furniture, household equipment and maintenance",108.9,107.4,105.4,1.3966480446927276,3.320683111954459
244,2021-07-01,CP05,"05 Furniture, household equipment and maintenance",108.1,108.9,105.0,-0.7346189164371131,2.9523809523809508
257,2021-08-01,CP05,"05 Furniture, household equipment and maintenance",109.5,108.1,105.5,1.295097132284928,3.791469194312791
260,2021-09-01,CP05,"05 Furniture, household equipment and maintenance",110.5,109.5,105.7,0.9132420091324311,4.541154210028386
280,2021-10-01,CP05,"05 Furniture, household equipment and maintenance",111.3,110.5,105.3,0.7239819004524861,5.698005698005693
290,2021-11-01,CP05,"05 Furniture, household equipment and maintenance",111.8,111.3,105.3,0.4492362982928988,6.172839506172845
306,2021-12-01,CP05,"05 Furniture, household equipment and maintenance",114.094,111.8,106.3,2.0518783542039287,7.332079021636884
323,2022-01-01,CP05,"05 Furniture, household equipment and maintenance",113.5,114.094,104.6,-0.520623345662341,8.50860420650097
333,2022-02-01,CP05,"05 Furniture, household equipment and maintenance",116.0,113.5,106.2,2.2026431718061623,9.227871939736353
348,2022-03-01,CP05,"05 Furniture, household equipment and maintenance",118.2,116.0,107.0,1.8965517241379404,10.46728971962616
354,2022-04-01,CP05,"05 Furniture, household equipment and maintenance",118.0,118.2,106.6,-0.16920473773266442,10.694183864915585
365,2022-05-01,CP05,"05 Furniture, household equipment and maintenance",119.2,118.0,107.4,1.016949152542379,10.986964618249528
387,2022-06-01,CP05,"05 Furniture, household equipment and maintenance",120.3,119.2,108.9,0.9228187919463116,10.468319559228645
396,2022-07-01,CP05,"05 Furniture, household equipment and maintenance",119.1,120.3,108.1,-0.9975062344139696,10.175763182238672
412,2022-08-01,CP05,"05 Furniture, household equipment and maintenance",120.6,119.1,109.5,1.2594458438287104,10.136986301369856
420,2022-09-01,CP05,"05 Furniture, household equipment and maintenance",122.4,120.6,110.5,1.4925373134328401,10.769230769230775
434,2022-10-01,CP05,"05 Furniture, household equipment and maintenance",123.1,122.4,111.3,0.5718954248365993,10.601976639712497
442,2022-11-01,CP05,"05 Furniture, household equipment and maintenance",123.8,123.1,111.8,0.5686433793663737,10.733452593917715
461,2022-12-01,CP05,"05 Furniture, household equipment and maintenance",125.3,123.8,114.094,1.2116316639741553,9.821725945273197
480,2023-01-01,CP05,"05 Furniture, household equipment and maintenance",123.9,125.3,113.5,-1.1173184357541777,9.162995594713653
486,2023-02-01,CP05,"05 Furniture, household equipment and maintenance",126.1,123.9,116.0,1.77562550443906,8.706896551724142
495,2023-03-01,CP05,"05 Furniture, household equipment and maintenance",127.7,126.1,118.2,1.2688342585249979,8.037225042301177
511,2023-04-01,CP05,"05 Furniture, household equipment and maintenance",126.8,127.7,118.0,-0.7047768206734584,7.457627118644061
526,2023-05-01,CP05,"05 Furniture, household equipment and maintenance",128.2,126.8,119.2,1.1041009463722329,7.550335570469779
540,2023-06-01,CP05,"05 Furniture, household equipment and maintenance",128.2,128.2,120.3,0.0,6.566916043225257
558,2023-07-01,CP05,"05 Furniture, household equipment and maintenance",126.5,128.2,119.1,-1.3260530421216776,6.213266162888331
569,2023-08-01,CP05,"05 Furniture, household equipment and maintenance",126.8,126.5,120.6,0.2371541501976271,5.140961857379778
578,2023-09-01,CP05,"05 Furniture, household equipment and maintenance",127.0,126.8,122.4,0.1577287066246047,3.7581699346405095
586,2023-10-01,CP05,"05 Furniture, household equipment and maintenance",127.0,127.0,123.1,0.0,3.168155970755482
605,2023-11-01,CP05,"05 Furniture, household equipment and maintenance",126.8,127.0,123.8,-0.15748031496063408,2.4232633279483107
616,2023-12-01,CP05,"05 Furniture, household equipment and maintenance",128.5,126.8,125.3,1.34069400630914,2.553870710295292
630,2024-01-01,CP05,"05 Furniture, household equipment and maintenance",124.5,128.5,123.9,-3.11284046692607,0.4842615012106588
646,2024-02-01,CP05,"05 Furniture, household equipment and maintenance",126.2,124.5,126.1,1.3654618473895708,0.07930214115781098
651,2024-03-01,CP05,"05 Furniture, household equipment and maintenance",126.6,126.2,127.7,0.31695721077653616,-0.8613938919342257
674,2024-04-01,CP05,"05 Furniture, household equipment and maintenance",125.6,126.6,126.8,-0.789889415481837,-0.9463722397476393
680,2024-05-01,CP05,"05 Furniture, household equipment and maintenance",125.9,125.6,128.2,0.23885350318473275,-1.7940717628704972
690,2024-06-01,CP05,"05 Furniture, household equipment and maintenance",126.1,125.9,128.2,0.1588562351072298,-1.6380655226209018
703,2024-07-01,CP05,"05 Furniture, household equipment and maintenance",124.5,126.1,126.5,-1.2688342585249757,-1.5810276679841917
723,2024-08-01,CP05,"05 Furniture, household equipment and maintenance",125.2,124.5,126.8,0.5622489959839383,-1.2618296529968376
731,2024-09-01,CP05,"05 Furniture, household equipment and maintenance",125.7,125.2,127.0,0.39936102236421966,-1.0236220472440882
743,2024-10-01,CP05,"05 Furniture, household equipment and maintenance",126.3,125.7,127.0,0.4773269689737347,-0.5511811023622082
762,2024-11-01,CP05,"05 Furniture, household equipment and maintenance",126.2,126.3,126.8,-0.07917656373712667,-0.4731861198738141
770,2024-12-01,CP05,"05 Furniture, household equipment and maintenance",128.1,126.2,128.5,1.5055467511885912,-0.3112840466926059
784,2025-01-01,CP05,"05 Furniture, household equipment and maintenance",125.1,128.1,124.5,-2.3419203747072626,0.48192771084336616
4,2020-01-01,CP06,06 Health,111.6,,,,
24,2020-02-01,CP06,06 Health,112.1,111.6,,0.44802867383513245,
36,2020-03-01,CP06,06 Health,112.5,112.1,,0.3568242640499708,
40,2020-04-01,CP06,06 Health,112.4,112.5,,-0.0888888888888828,
54,2020-05-01,CP06,06 Health,110.9,112.4,,-1.3345195729537407,
75,2020-06-01,CP06,06 Health,112.8,110.9,,1.7132551848512145,
90,2020-07-01,CP06,06 Health,113.9,112.8,,0.9751773049645474,
91,2020-08-01,CP06,06 Health,113.3,113.9,,-0.5267778753292429,
113,2020-09-01,CP06,06 Health,113.3,113.3,,0.0,
127,2020-10-01,CP06,06 Health,113.0,113.3,,-0.26478375992938785,
135,2020-11-01,CP06,06 Health,112.8,113.0,,-0.1769911504424848,
146,2020-12-01,CP06,06 Health,112.2,112.8,,-0.5319148936170137,
157,2021-01-01,CP06,06 Health,113.0,112.2,111.6,0.7130124777183555,1.2544802867383575
178,2021-02-01,CP06,06 Health,112.6,113.0,112.1,-0.3539823008849585,0.4460303300624524
191,2021-03-01,CP06,06 Health,112.8,112.6,112.5,0.1776198934280604,0.2666666666666595
204,2021-04-01,CP06,06 Health,114.2,112.8,112.4,1.2411347517730542,1.6014234875444844
211,2021-05-01,CP06,06 Health,114.0,114.2,110.9,-0.17513134851138146,2.795311091073027
225,2021-06-01,CP06,06 Health,114.6,114.0,112.8,0.5263157894736858,1.5957446808510634
246,2021-07-01,CP06,06 Health,115.0,114.6,113.9,0.3490401396160525,0.9657594381035972
254,2021-08-01,CP06,06 Health,114.9,115.0,113.3,-0.08695652173912327,1.4121800529567574
268,2021-09-01,CP06,06 Health,114.8,114.9,113.3,-0.08703220191471628,1.3239187996469504
281,2021-10-01,CP06,06 Health,114.5,114.8,113.0,-0.261324041811839,1.327433628318575
293,2021-11-01,CP06,06 Health,114.5,114.5,112.8,0.0,1.507092198581561
308,2021-12-01,CP06,06 Health,114.848,114.5,112.2,0.3039301310043596,2.360071301247779
321,2022-01-01,CP06,06 Health,115.4,114.848,113.0,0.48063527444970333,2.123893805309729
334,2022-02-01,CP06,06 Health,115.5,115.4,112.6,0.08665511265164572,2.5754884547069423
347,2022-03-01,CP06,06 Health,115.6,115.5,112.8,0.08658008658009031,2.482269503546086
363,2022-04-01,CP06,06 Health,116.6,115.6,114.2,0.865051903114189,2.1015761821365997
374,2022-05-01,CP06,06 Health,116.0,116.6,114.0,-0.5145797598627766,1.7543859649122862
382,2022-06-01,CP06,06 Health,116.5,116.0,114.6,0.4310344827586299,1.6579406631762605
392,2022-07-01,CP06,06 Health,116.5,116.5,115.0,0.0,1.304347826086949
410,2022-08-01,CP06,06 Health,117.9,116.5,114.9,1.2017167381974225,2.610966057441244
422,2022-09-01,CP06,06 Health,118.7,117.9,114.8,0.6785411365564098,3.397212543554007
441,2022-10-01,CP06,06 Health,119.2,118.7,114.5,0.4212299915753892,4.1048034934497935
449,2022-11-01,CP06,06 Health,119.9,119.2,114.5,0.5872483221476488,4.71615720524019
456,2022-12-01,CP06,06 Health,120.6,119.9,114.848,0.5838198498748781,5.008358874338259
478,2023-01-01,CP06,06 Health,122.8,120.6,115.4,1.8242122719734688,6.412478336221827
487,2023-02-01,CP06,06 Health,123.5,122.8,115.5,0.5700325732899136,6.926406926406936
505,2023-03-01,CP06,06 Health,124.0,123.5,115.6,0.4048582995951344,7.26643598615917
513,2023-04-01,CP06,06 Health,125.0,124.0,116.6,0.8064516129032251,7.204116638078917
522,2023-05-01,CP06,06 Health,125.8,125.0,116.0,0.6399999999999961,8.448275862068954
541,2023-06-01,CP06,06 Health,126.1,125.8,116.5,0.23847376788552754,8.240343347639477
546,2023-07-01,CP06,06 Health,127.0,126.1,116.5,0.7137192704202988,9.012875536480692
561,2023-08-01,CP06,06 Health,128.0,127.0,117.9,0.7874015748031482,8.56658184902459
580,2023-09-01,CP06,06 Health,128.7,128.0,118.7,0.5468749999999911,8.424599831507983
597,2023-10-01,CP06,06 Health,129.0,128.7,119.2,0.2331002331002363,8.221476510067106
598,2023-11-01,CP06,06 Health,129.1,129.0,119.9,0.07751937984494806,7.673060884070049
617,2023-12-01,CP06,06 Health,129.7,129.1,120.6,0.4647560030983655,7.54560530679933
631,2024-01-01,CP06,06 Health,131.4,129.7,122.8,1.3107170393215295,7.003257328990231
643,2024-02-01,CP06,06 Health,131.7,131.4,123.5,0.22831050228309113,6.6396761133603155
657,2024-03-01,CP06,06 Health,132.3,131.7,124.0,0.4555808656036664,6.693548387096793
675,2024-04-01,CP06,06 Health,133.5,132.3,125.0,0.9070294784580435,6.800000000000006
679,2024-05-01,CP06,06 Health,133.8,133.5,125.8,0.22471910112360494,6.359300476947549
696,2024-06-01,CP06,06 Health,134.2,133.8,126.1,0.2989536621823552,6.4234734337827115
709,2024-07-01,CP06,06 Health,134.5,134.2,127.0,0.22354694485842153,5.905511811023612
715,2024-08-01,CP06,06 Health,135.1,134.5,128.0,0.4460966542750855,5.546874999999996
738,2024-09-01,CP06,06 Health,135.4,135.1,128.7,0.22205773501111636,5.205905205905226
745,2024-10-01,CP06,06 Health,136.2,135.4,129.0,0.5908419497784312,5.581395348837193
754,2024-11-01,CP06,06 Health,136.3,136.2,129.1,0.07342143906021725,5.577072037180497
774,2024-12-01,CP06,06 Health,136.9,136.3,129.7,0.44020542920029104,5.551272166538168
792,2025-01-01,CP06,06 Health,138.0,136.9,131.4,0.8035062089116085,5.022831050228316
6,2020-01-01,CP07,07 Transport,111.5,,,,
25,2020-02-01,CP07,07 Transport,112.0,111.5,,0.4484304932735439,
33,2020-03-01,CP07,07 Transport,111.4,112.0,,-0.5357142857142838,
46,2020-04-01,CP07,07 Transport,111.4,111.4,,0.0,
57,2020-05-01,CP07,07 Transport,110.3,111.4,,-0.9874326750448859,
70,2020-06-01,CP07,07 Transport,110.8,110.3,,0.453309156844961,
83,2020-07-01,CP07,07 Transport,112.3,110.8,,1.3537906137184086,
95,2020-08-01,CP07,07 Transport,113.5,112.3,,1.0685663401602818,
109,2020-09-01,CP07,07 Transport,112.7,113.5,,-0.7048458149779724,
122,2020-10-01,CP07,07 Transport,112.7,112.7,,0.0,
133,2020-11-01,CP07,07 Transport,112.1,112.7,,-0.5323868677906018,
147,2020-12-01,CP07,07 Transport,113.8,112.1,,1.5165031222123204,
166,2021-01-01,CP07,07 Transport,114.0,113.8,111.5,0.17574692442883233,2.2421524663677195
169,2021-02-01,CP07,07 Transport,114.9,114.0,112.0,0.7894736842105399,2.589285714285716
190,2021-03-01,CP07,07 Transport,115.7,114.9,111.4,0.6962576153176636,3.859964093357271
205,2021-04-01,CP07,07 Transport,117.0,115.7,111.4,1.1235955056179803,5.0269299820466795
210,2021-05-01,CP07,07 Transport,117.4,117.0,110.3,0.34188034188034067,6.4369900271985525
230,2021-06-01,CP07,07 Transport,119.0,117.4,110.8,1.3628620102214661,7.400722021660644
240,2021-07-01,CP07,07 Transport,121.2,119.0,112.3,1.8487394957983128,7.925200356188777
249,2021-08-01,CP07,07 Transport,122.7,121.2,113.5,1.2376237623762387,8.105726872246688
264,2021-09-01,CP07,07 Transport,122.2,122.7,112.7,-0.4074979625101838,8.429458740017747
276,2021-10-01,CP07,07 Transport,124.0,122.2,112.7,1.4729950900163713,10.02661934338953
288,2021-11-01,CP07,07 Transport,126.2,124.0,112.1,1.774193548387104,12.578055307760927
302,2021-12-01,CP07,07 Transport,127.638,126.2,113.8,1.1394611727416848,12.159929701230233
324,2022-01-01,CP07,07 Transport,127.2,127.638,114.0,-0.3431579937009377,11.578947368421044
326,2022-02-01,CP07,07 Transport,128.4,127.2,114.9,0.9433962264151052,11.749347258485642
346,2022-03-01,CP07,07 Transport,131.5,128.4,115.7,2.414330218068539,13.65600691443387
362,2022-04-01,CP07,07 Transport,133.0,131.5,117.0,1.1406844106463865,13.675213675213671
369,2022-05-01,CP07,07 Transport,133.9,133.0,117.4,0.6766917293233199,14.054514480408864
377,2022-06-01,CP07,07 Transport,137.0,133.9,119.0,2.3151605675877374,15.126050420168058
391,2022-07-01,CP07,07 Transport,139.5,137.0,121.2,1.8248175182481674,15.09900990099009
411,2022-08-01,CP07,07 Transport,137.8,139.5,122.7,-1.2186379928315283,12.306438467807656
427,2022-09-01,CP07,07 Transport,135.5,137.8,122.2,-1.669085631349787,10.883797054009815
438,2022-10-01,CP07,07 Transport,135.6,135.5,124.0,0.07380073800737907,9.354838709677416
453,2022-11-01,CP07,07 Transport,135.7,135.6,126.2,0.07374631268435294,7.527733755942934
465,2022-12-01,CP07,07 Transport,136.5,135.7,127.638,0.5895357406042745,6.943073379401121
476,2023-01-01,CP07,07 Transport,131.5,136.5,127.2,-3.663003663003661,3.380503144654079
491,2023-02-01,CP07,07 Transport,132.4,131.5,128.4,0.6844106463878452,3.1152647975077885
496,2023-03-01,CP07,07 Transport,132.8,132.4,131.5,0.30211480362538623,0.9885931558935468
516,2023-04-01,CP07,07 Transport,135.2,132.8,133.0,1.8072289156626287,1.6541353383458635
521,2023-05-01,CP07,07 Transport,135.6,135.2,133.9,0.2958579881656931,1.2696041822255255
533,2023-06-01,CP07,07 Transport,134.7,135.6,137.0,-0.6637168141592986,-1.6788321167883313
553,2023-07-01,CP07,07 Transport,136.5,134.7,139.5,1.3363028953229383,-2.1505376344086002
571,2023-08-01,CP07,07 Transport,136.8,136.5,137.8,0.219780219780219,-0.7256894049346929
582,2023-09-01,CP07,07 Transport,136.5,136.8,135.5,-0.21929824561404132,0.7380073800737907
596,2023-10-01,CP07,07 Transport,136.2,136.5,135.6,-0.2197802197802301,0.4424778761061843
607,2023-11-01,CP07,07 Transport,133.9,136.2,135.7,-1.6886930983847193,-1.3264554163596065
615,2023-12-01,CP07,07 Transport,134.6,133.9,136.5,0.5227781926810948,-1.391941391941398
625,2024-01-01,CP07,07 Transport,130.9,134.6,131.5,-2.74888558692421,-0.4562737642585524
641,2024-02-01,CP07,07 Transport,131.9,130.9,132.4,0.763941940412538,-0.3776435045317217
652,2024-03-01,CP07,07 Transport,132.7,131.9,132.8,0.6065200909779911,-0.07530120481928915
673,2024-04-01,CP07,07 Transport,135.0,132.7,135.2,1.7332328560663246,-0.14792899408283544
677,2024-05-01,CP07,07 Transport,136.0,135.0,135.6,0.7407407407407307,0.2949852507374784
693,2024-06-01,CP07,07 Transport,135.7,136.0,134.7,-0.22058823529412797,0.7423904974016349
710,2024-07-01,CP07,07 Transport,136.7,135.7,136.5,0.736919675755332,0.146520146520146
725,2024-08-01,CP07,07 Transport,138.4,136.7,136.8,1.2435991221653397,1.1695906432748426
739,2024-09-01,CP07,07 Transport,133.3,138.4,136.5,-3.684971098265888,-2.344322344322336
753,2024-10-01,CP07,07 Transport,133.5,133.3,136.2,0.15003750937734317,-1.9823788546255439
758,2024-11-01,CP07,07 Transport,132.4,133.5,133.9,-0.8239700374531811,-1.1202389843166571
779,2024-12-01,CP07,07 Transport,133.8,132.4,134.6,1.0574018126888296,-0.5943536404160343
787,2025-01-01,CP07,07 Transport,133.1,133.8,130.9,-0.5231689088191493,1.680672268907557
1,2020-01-01,CP08,08 Communication,112.1,,,,
13,2020-02-01,CP08,08 Communication,112.4,112.1,,0.267618198037467,
38,2020-03-01,CP08,08 Communication,113.1,112.4,,0.6227758007117279,
49,2020-04-01,CP08,08 Communication,113.7,113.1,,0.5305039787798504,
59,2020-05-01,CP08,08 Communication,114.3,113.7,,0.5277044854881119,
68,2020-06-01,CP08,08 Communication,114.3,114.3,,0.0,
78,2020-07-01,CP08,08 Communication,114.8,114.3,,0.43744531933507247,
102,2020-08-01,CP08,08 Communication,114.8,114.8,,0.0,
106,2020-09-01,CP08,08 Communication,114.7,114.8,,-0.08710801393727596,
125,2020-10-01,CP08,08 Communication,114.8,114.7,,0.08718395815170421,
139,2020-11-01,CP08,08 Communication,114.9,114.8,,0.08710801393729817,
148,2020-12-01,CP08,08 Communication,114.9,114.9,,0.0,
165,2021-01-01,CP08,08 Communication,114.7,114.9,112.1,-0.17406440382942145,2.3193577163247214
181,2021-02-01,CP08,08 Communication,114.7,114.7,112.4,0.0,2.0462633451957313
182,2021-03-01,CP08,08 Communication,115.0,114.7,113.1,0.2615518744550904,1.6799292661361598
201,2021-04-01,CP08,08 Communication,117.1,115.0,113.7,1.826086956521733,2.9903254177660488
213,2021-05-01,CP08,08 Communication,116.9,117.1,114.3,-0.1707941929974255,2.274715660542448
223,2021-06-01,CP08,08 Communication,117.2,116.9,114.3,0.2566295979469668,2.5371828521434825
237,2021-07-01,CP08,08 Communication,116.5,117.2,114.8,-0.5972696245733822,1.4808362369338024
251,2021-08-01,CP08,08 Communication,116.2,116.5,114.8,-0.2575107296137302,1.2195121951219523
271,2021-09-01,CP08,08 Communication,116.6,116.2,114.7,0.344234079173833,1.6564952048822912
277,2021-10-01,CP08,08 Communication,116.5,116.6,114.8,-0.08576329331045907,1.4808362369338024
287,2021-11-01,CP08,08 Communication,116.4,116.5,114.9,-0.08583690987123971,1.305483028720622
307,2021-12-01,CP08,08 Communication,115.833,116.4,114.9,-0.48711340206186726,0.8120104438642306
320,2022-01-01,CP08,08 Communication,115.9,115.833,114.7,0.057841893070209593,1.0462074978204061
331,2022-02-01,CP08,08 Communication,116.0,115.9,114.7,0.08628127696288512,1.1333914559720881
340,2022-03-01,CP08,08 Communication,115.9,116.0,115.0,-0.08620689655172153,0.7826086956521872
361,2022-04-01,CP08,08 Communication,120.3,115.9,117.1,3.796376186367545,2.7327070879590076
372,2022-05-01,CP08,08 Communication,120.0,120.3,116.9,-0.24937655860348684,2.651839178785287
381,2022-06-01,CP08,08 Communication,120.6,120.0,117.2,0.49999999999998934,2.9010238907849706
394,2022-07-01,CP08,08 Communication,120.1,120.6,116.5,-0.4145936981757914,3.090128755364807
408,2022-08-01,CP08,08 Communication,119.3,120.1,116.2,-0.6661115736885881,2.6678141135972444
421,2022-09-01,CP08,08 Communication,119.4,119.3,116.6,0.08382229673093988,2.401372212692987
436,2022-10-01,CP08,08 Communication,120.2,119.4,116.5,0.670016750418756,3.175965665236058
444,2022-11-01,CP08,08 Communication,119.3,120.2,116.4,-0.7487520798668879,2.491408934707895
463,2022-12-01,CP08,08 Communication,118.0,119.3,115.833,-1.0896898575020963,1.8707967504942413
475,2023-01-01,CP08,08 Communication,118.6,118.0,115.9,0.5084745762711895,2.3295944779982536
493,2023-02-01,CP08,08 Communication,120.1,118.6,116.0,1.2647554806070938,3.534482758620694
502,2023-03-01,CP08,08 Communication,120.0,120.1,115.9,-0.08326394671106518,3.537532355478845
514,2023-04-01,CP08,08 Communication,129.6,120.0,120.3,7.999999999999985,7.730673316708225
531,2023-05-01,CP08,08 Communication,130.8,129.6,120.0,0.92592592592593,9.000000000000007
543,2023-06-01,CP08,08 Communication,131.8,130.8,120.6,0.7645259938837912,9.28689883913767
551,2023-07-01,CP08,08 Communication,128.5,131.8,120.1,-2.5037936267071403,6.99417152373023
570,2023-08-01,CP08,08 Communication,129.0,128.5,119.3,0.3891050583657574,8.130762782900259
583,2023-09-01,CP08,08 Communication,129.0,129.0,119.4,0.0,8.040201005025116
590,2023-10-01,CP08,08 Communication,129.9,129.0,120.2,0.6976744186046657,8.069883527454236
609,2023-11-01,CP08,08 Communication,128.9,129.9,119.3,-0.7698229407236301,8.04694048616932
612,2023-12-01,CP08,08 Communication,128.1,128.9,118.0,-0.6206361520558645,8.559322033898308
628,2024-01-01,CP08,08 Communication,128.4,128.1,118.6,0.23419203747072626,8.263069139966284
649,2024-02-01,CP08,08 Communication,127.0,128.4,120.1,-1.0903426791277315,5.745212323064108
650,2024-03-01,CP08,08 Communication,129.1,127.0,120.0,1.6535433070866024,7.58333333333332
672,2024-04-01,CP08,08 Communication,134.9,129.1,129.6,4.492641363284289,4.089506172839519
688,2024-05-01,CP08,08 Communication,136.3,134.9,130.8,1.0378057820607856,4.2048929663608625
689,2024-06-01,CP08,08 Communication,135.8,136.3,131.8,-0.3668378576669129,3.034901365705611
713,2024-07-01,CP08,08 Communication,134.4,135.8,128.5,-1.0309278350515538,4.591439688715959
722,2024-08-01,CP08,08 Communication,134.3,134.4,129.0,-0.07440476190475609,4.1085271317829575
732,2024-09-01,CP08,08 Communication,135.7,134.3,129.0,1.0424422933730249,5.193798449612386
747,2024-10-01,CP08,08 Communication,135.9,135.7,129.9,0.14738393515107973,4.618937644341803
763,2024-11-01,CP08,08 Communication,135.0,135.9,128.9,-0.6622516556291425,4.732350659425899
773,2024-12-01,CP08,08 Communication,135.9,135.0,128.1,0.6666666666666599,6.088992974238883
788,2025-01-01,CP08,08 Communication,135.9,135.9,128.4,0.0,5.841121495327095
11,2020-01-01,CP09,09 Recreation and culture,108.4,,,,
14,2020-02-01,CP09,09 Recreation and culture,108.8,108.4,,0.36900369003689537,
30,2020-03-01,CP09,09 Recreation and culture,108.9,108.8,,0.09191176470588758,
50,2020-04-01,CP09,09 Recreation and culture,109.4,108.9,,0.45913682277318735,
64,2020-05-01,CP09,09 Recreation and culture,109.2,109.4,,-0.1828153564899515,
76,2020-06-01,CP09,09 Recreation and culture,109.5,109.2,,0.27472527472527375,
87,2020-07-01,CP09,09 Recreation and culture,110.7,109.5,,1.0958904109588996,
101,2020-08-01,CP09,09 Recreation and culture,110.2,110.7,,-0.4516711833784992,
111,2020-09-01,CP09,09 Recreation and culture,110.4,110.2,,0.1814882032667997,
117,2020-10-01,CP09,09 Recreation and culture,110.4,110.4,,0.0,
131,2020-11-01,CP09,09 Recreation and culture,110.7,110.4,,0.27173913043478937,
152,2020-12-01,CP09,09 Recreation and culture,111.2,110.7,,0.4516711833784992,
160,2021-01-01,CP09,09 Recreation and culture,111.1,111.2,108.4,-0.08992805755396738,2.4907749077490715
179,2021-02-01,CP09,09 Recreation and culture,111.1,111.1,108.8,0.0,2.113970588235281
193,2021-03-01,CP09,09 Recreation and culture,111.3,111.1,108.9,0.18001800180018623,2.203856749311295
200,2021-04-01,CP09,09 Recreation and culture,110.1,111.3,109.4,-1.0781671159029727,0.6398537477148025
208,2021-05-01,CP09,09 Recreation and culture,111.4,110.1,109.2,1.180744777475029,2.0146520146520075
226,2021-06-01,CP09,09 Recreation and culture,111.8,111.4,109.5,0.35906642728904536,2.100456621004554
234,2021-07-01,CP09,09 Recreation and culture,111.4,111.8,110.7,-0.3577817531305816,0.6323396567299078
259,2021-08-01,CP09,09 Recreation and culture,112.7,111.4,110.2,1.1669658886894085,2.268602540834852
265,2021-09-01,CP09,09 Recreation and culture,113.3,112.7,110.4,0.5323868677905796,2.6268115942028825
282,2021-10-01,CP09,09 Recreation and culture,113.0,113.3,110.4,-0.26478375992938785,2.3550724637681153
291,2021-11-01,CP09,09 Recreation and culture,114.3,113.0,110.7,1.1504424778761013,3.2520325203251987
311,2021-12-01,CP09,09 Recreation and culture,114.593,114.3,111.2,0.25634295713037325,3.051258992805761
316,2022-01-01,CP09,09 Recreation and culture,114.3,114.593,111.1,-0.25568752018012564,2.880288028802891
335,2022-02-01,CP09,09 Recreation and culture,116.3,114.3,111.1,1.7497812773403343,4.680468046804687
350,2022-03-01,CP09,09 Recreation and culture,116.9,116.3,111.3,0.5159071367153878,5.031446540880502
351,2022-04-01,CP09,09 Recreation and culture,116.6,116.9,110.1,-0.2566295979469779,5.903723887375123
375,2022-05-01,CP09,09 Recreation and culture,116.9,116.6,111.4,0.2572898799313883,4.937163375224407
383,2022-06-01,CP09,09 Recreation and culture,117.1,116.9,111.8,0.17108639863130382,4.740608228980325
390,2022-07-01,CP09,09 Recreation and culture,117.6,117.1,111.4,0.4269854824936026,5.565529622980248
413,2022-08-01,CP09,09 Recreation and culture,118.7,117.6,112.7,0.9353741496598733,5.323868677905952
423,2022-09-01,CP09,09 Recreation and culture,119.2,118.7,113.3,0.4212299915753892,5.207413945278039
439,2022-10-01,CP09,09 Recreation and culture,119.7,119.2,113.0,0.4194630872483174,5.9292035398230025
451,2022-11-01,CP09,09 Recreation and culture,120.4,119.7,114.3,0.5847953216374213,5.336832895888022
466,2022-12-01,CP09,09 Recreation and culture,120.1,120.4,114.593,-0.2491694352159568,4.805703664272687
471,2023-01-01,CP09,09 Recreation and culture,120.1,120.1,114.3,0.0,5.074365704286965
489,2023-02-01,CP09,09 Recreation and culture,121.1,120.1,116.3,0.8326394671107407,4.1272570937231245
497,2023-03-01,CP09,09 Recreation and culture,122.3,121.1,116.9,0.9909165978530199,4.619332763045336
510,2023-04-01,CP09,09 Recreation and culture,124.0,122.3,116.6,1.3900245298446468,6.346483704974282
523,2023-05-01,CP09,09 Recreation and culture,124.9,124.0,116.9,0.7258064516129092,6.8434559452523525
542,2023-06-01,CP09,09 Recreation and culture,125.1,124.9,117.1,0.16012810248198228,6.83176771989753
557,2023-07-01,CP09,09 Recreation and culture,125.6,125.1,117.6,0.3996802557953538,6.802721088435382
564,2023-08-01,CP09,09 Recreation and culture,125.8,125.6,118.7,0.15923566878981443,5.981465880370673
573,2023-09-01,CP09,09 Recreation and culture,126.6,125.8,119.2,0.6359300476947549,6.2080536912751505
588,2023-10-01,CP09,09 Recreation and culture,127.6,126.6,119.7,0.789889415481837,6.599832915622383
604,2023-11-01,CP09,09 Recreation and culture,127.1,127.6,120.4,-0.39184952978056353,5.5647840531561465
611,2023-12-01,CP09,09 Recreation and culture,127.3,127.1,120.1,0.15735641227381247,5.995004163197337
624,2024-01-01,CP09,09 Recreation and culture,127.2,127.3,120.1,-0.07855459544382493,5.911740216486261
638,2024-02-01,CP09,09 Recreation and culture,127.9,127.2,121.1,0.5503144654088077,5.615194054500416
654,2024-03-01,CP09,09 Recreation and culture,129.1,127.9,122.3,0.9382329945269552,5.560098119378565
666,2024-04-01,CP09,09 Recreation and culture,129.8,129.1,124.0,0.5422153369481153,4.677419354838719
681,2024-05-01,CP09,09 Recreation and culture,130.0,129.8,124.9,0.15408320493064398,4.083266613290637
697,2024-06-01,CP09,09 Recreation and culture,130.2,130.0,125.1,0.15384615384614886,4.076738609112707
714,2024-07-01,CP09,09 Recreation and culture,130.3,130.2,125.6,0.07680491551460555,3.742038216560517
717,2024-08-01,CP09,09 Recreation and culture,130.9,130.3,125.8,0.46047582501917983,4.054054054054057
733,2024-09-01,CP09,09 Recreation and culture,131.6,130.9,126.6,0.5347593582887722,3.949447077409163
742,2024-10-01,CP09,09 Recreation and culture,131.5,131.6,127.6,-0.07598784194527974,3.0564263322883978
766,2024-11-01,CP09,09 Recreation and culture,131.7,131.5,127.1,0.1520912547528397,3.6191974822973982
771,2024-12-01,CP09,09 Recreation and culture,131.6,131.7,127.3,-0.07593014426726663,3.377847604084838
783,2025-01-01,CP09,09 Recreation and culture,132.0,131.6,127.2,0.3039513677811634,3.7735849056603765
2,2020-01-01,CP10,10 Education,117.5,,,,
23,2020-02-01,CP10,10 Education,117.5,117.5,,0.0,
35,2020-03-01,CP10,10 Education,117.5,117.5,,0.0,
39,2020-04-01,CP10,10 Education,117.5,117.5,,0.0,
55,2020-05-01,CP10,10 Education,117.5,117.5,,0.0,
66,2020-06-01,CP10,10 Education,117.5,117.5,,0.0,
81,2020-07-01,CP10,10 Education,117.5,117.5,,0.0,
92,2020-08-01,CP10,10 Education,117.5,117.5,,0.0,
112,2020-09-01,CP10,10 Education,117.9,117.5,,0.34042553191488967,
120,2020-10-01,CP10,10 Education,120.0,117.9,,1.781170483460559,
132,2020-11-01,CP10,10 Education,120.0,120.0,,0.0,
155,2020-12-01,CP10,10 Education,120.0,120.0,,0.0,
164,2021-01-01,CP10,10 Education,120.0,120.0,117.5,0.0,2.127659574468077
175,2021-02-01,CP10,10 Education,120.0,120.0,117.5,0.0,2.127659574468077
189,2021-03-01,CP10,10 Education,120.0,120.0,117.5,0.0,2.127659574468077
203,2021-04-01,CP10,10 Education,120.0,120.0,117.5,0.0,2.127659574468077
212,2021-05-01,CP10,10 Education,120.0,120.0,117.5,0.0,2.127659574468077
232,2021-06-01,CP10,10 Education,120.0,120.0,117.5,0.0,2.127659574468077
238,2021-07-01,CP10,10 Education,120.0,120.0,117.5,0.0,2.127659574468077
253,2021-08-01,CP10,10 Education,120.0,120.0,117.5,0.0,2.127659574468077
266,2021-09-01,CP10,10 Education,121.3,120.0,117.9,1.083333333333325,2.8837998303647083
285,2021-10-01,CP10,10 Education,125.4,121.3,120.0,3.3800494641385015,4.500000000000015
297,2021-11-01,CP10,10 Education,125.4,125.4,120.0,0.0,4.500000000000015
300,2021-12-01,CP10,10 Education,125.437,125.4,120.0,0.029505582137145936,4.530833333333328
315,2022-01-01,CP10,10 Education,125.4,125.437,120.0,-0.029496878911317026,4.500000000000015
336,2022-02-01,CP10,10 Education,125.4,125.4,120.0,0.0,4.500000000000015
341,2022-03-01,CP10,10 Education,125.4,125.4,120.0,0.0,4.500000000000015
359,2022-04-01,CP10,10 Education,125.4,125.4,120.0,0.0,4.500000000000015
370,2022-05-01,CP10,10 Education,125.4,125.4,120.0,0.0,4.500000000000015
389,2022-06-01,CP10,10 Education,125.4,125.4,120.0,0.0,4.500000000000015
400,2022-07-01,CP10,10 Education,125.4,125.4,120.0,0.0,4.500000000000015
415,2022-08-01,CP10,10 Education,125.4,125.4,120.0,0.0,4.500000000000015
426,2022-09-01,CP10,10 Education,126.5,125.4,121.3,0.8771929824561431,4.286892003297615
440,2022-10-01,CP10,10 Education,129.4,126.5,125.4,2.292490118577084,3.189792663476876
452,2022-11-01,CP10,10 Education,129.4,129.4,125.4,0.0,3.189792663476876
459,2022-12-01,CP10,10 Education,129.4,129.4,125.437,0.0,3.159354895286093
468,2023-01-01,CP10,10 Education,129.4,129.4,125.4,0.0,3.189792663476876
485,2023-02-01,CP10,10 Education,129.4,129.4,125.4,0.0,3.189792663476876
499,2023-03-01,CP10,10 Education,129.4,129.4,125.4,0.0,3.189792663476876
509,2023-04-01,CP10,10 Education,129.4,129.4,125.4,0.0,3.189792663476876
532,2023-05-01,CP10,10 Education,129.4,129.4,125.4,0.0,3.189792663476876
537,2023-06-01,CP10,10 Education,129.4,129.4,125.4,0.0,3.189792663476876
555,2023-07-01,CP10,10 Education,129.4,129.4,125.4,0.0,3.189792663476876
566,2023-08-01,CP10,10 Education,129.4,129.4,125.4,0.0,3.189792663476876
577,2023-09-01,CP10,10 Education,131.7,129.4,126.5,1.77743431221018,4.110671936758892
585,2023-10-01,CP10,10 Education,135.2,131.7,129.4,2.6575550493545874,4.482225656877881
599,2023-11-01,CP10,10 Education,135.2,135.2,129.4,0.0,4.482225656877881
618,2023-12-01,CP10,10 Education,135.2,135.2,129.4,0.0,4.482225656877881
629,2024-01-01,CP10,10 Education,135.2,135.2,129.4,0.0,4.482225656877881
648,2024-02-01,CP10,10 Education,135.2,135.2,129.4,0.0,4.482225656877881
659,2024-03-01,CP10,10 Education,135.2,135.2,129.4,0.0,4.482225656877881
671,2024-04-01,CP10,10 Education,135.2,135.2,129.4,0.0,4.482225656877881
676,2024-05-01,CP10,10 Education,135.2,135.2,129.4,0.0,4.482225656877881
691,2024-06-01,CP10,10 Education,135.2,135.2,129.4,0.0,4.482225656877881
707,2024-07-01,CP10,10 Education,135.2,135.2,129.4,0.0,4.482225656877881
719,2024-08-01,CP10,10 Education,135.2,135.2,129.4,0.0,4.482225656877881
734,2024-09-01,CP10,10 Education,137.6,135.2,131.7,1.775147928994092,4.479878511769186
751,2024-10-01,CP10,10 Education,142.0,137.6,135.2,3.197674418604657,5.029585798816583
764,2024-11-01,CP10,10 Education,142.0,142.0,135.2,0.0,5.029585798816583
778,2024-12-01,CP10,10 Education,142.0,142.0,135.2,0.0,5.029585798816583
791,2025-01-01,CP10,10 Education,145.3,142.0,135.2,2.323943661971839,7.47041420118344
10,2020-01-01,CP11,11 Restaurants and hotels,111.7,,,,
20,2020-02-01,CP11,11 Restaurants and hotels,112.3,111.7,,0.5371530886302489,
27,2020-03-01,CP11,11 Restaurants and hotels,112.4,112.3,,0.08904719501336977,
51,2020-04-01,CP11,11 Restaurants and hotels,113.1,112.4,,0.6227758007117279,
63,2020-05-01,CP11,11 Restaurants and hotels,113.6,113.1,,0.4420866489831976,
71,2020-06-01,CP11,11 Restaurants and hotels,113.2,113.6,,-0.35211267605632646,
84,2020-07-01,CP11,11 Restaurants and hotels,114.1,113.2,,0.7950530035335523,
96,2020-08-01,CP11,11 Restaurants and hotels,108.8,114.1,,-4.645048203330404,
105,2020-09-01,CP11,11 Restaurants and hotels,112.0,108.8,,2.941176470588247,
124,2020-10-01,CP11,11 Restaurants and hotels,111.9,112.0,,-0.08928571428571397,
134,2020-11-01,CP11,11 Restaurants and hotels,112.8,111.9,,0.8042895442359255,
149,2020-12-01,CP11,11 Restaurants and hotels,111.9,112.8,,-0.7978723404255206,
161,2021-01-01,CP11,11 Restaurants and hotels,112.9,111.9,111.7,0.8936550491510209,1.07430617726052
173,2021-02-01,CP11,11 Restaurants and hotels,113.3,112.9,112.3,0.3542958370239102,0.8904719501335645
184,2021-03-01,CP11,11 Restaurants and hotels,113.5,113.3,112.4,0.1765225066195919,0.9786476868327343
196,2021-04-01,CP11,11 Restaurants and hotels,114.3,113.5,113.1,0.7048458149779613,1.0610079575596787
216,2021-05-01,CP11,11 Restaurants and hotels,115.7,114.3,113.6,1.2248468941382429,1.848591549295775
229,2021-06-01,CP11,11 Restaurants and hotels,116.1,115.7,113.2,0.34572169403628283,2.5618374558303847
239,2021-07-01,CP11,11 Restaurants and hotels,116.6,116.1,114.1,0.4306632213608941,2.1910604732690686
255,2021-08-01,CP11,11 Restaurants and hotels,118.1,116.6,108.8,1.2864493996569415,8.547794117647056
262,2021-09-01,CP11,11 Restaurants and hotels,117.7,118.1,112.0,-0.3386960203217493,5.089285714285707
284,2021-10-01,CP11,11 Restaurants and hotels,119.0,117.7,111.9,1.1045029736618472,6.344950848972286
292,2021-11-01,CP11,11 Restaurants and hotels,118.7,119.0,112.8,-0.25210084033613356,5.230496453900724
309,2021-12-01,CP11,11 Restaurants and hotels,118.601,118.7,111.9,-0.0834035383319276,5.988382484361021
313,2022-01-01,CP11,11 Restaurants and hotels,118.2,118.601,112.9,-0.3381084476522078,4.694419840566866
330,2022-02-01,CP11,11 Restaurants and hotels,119.0,118.2,113.3,0.6768189509306133,5.030891438658425
343,2022-03-01,CP11,11 Restaurants and hotels,121.3,119.0,113.5,1.9327731092436906,6.8722466960352335
352,2022-04-01,CP11,11 Restaurants and hotels,123.4,121.3,114.3,1.731244847485569,7.961504811898523
371,2022-05-01,CP11,11 Restaurants and hotels,124.5,123.4,115.7,0.8914100486223653,7.605877268798622
386,2022-06-01,CP11,11 Restaurants and hotels,126.0,124.5,116.1,1.2048192771084265,8.527131782945752
402,2022-07-01,CP11,11 Restaurants and hotels,127.1,126.0,116.6,0.8730158730158699,9.005145797598635
407,2022-08-01,CP11,11 Restaurants and hotels,128.4,127.1,118.1,1.0228166797797034,8.72142252328536
419,2022-09-01,CP11,11 Restaurants and hotels,129.1,128.4,117.7,0.5451713395638436,9.685641461342387
432,2022-10-01,CP11,11 Restaurants and hotels,130.4,129.1,119.0,1.0069713400464808,9.57983193277312
450,2022-11-01,CP11,11 Restaurants and hotels,130.9,130.4,118.7,0.3834355828220781,10.278011794439767
467,2022-12-01,CP11,11 Restaurants and hotels,132.1,130.9,118.601,0.916730328495019,11.38186018667633
470,2023-01-01,CP11,11 Restaurants and hotels,130.9,132.1,118.2,-0.9084027252081683,10.744500846023698
492,2023-02-01,CP11,11 Restaurants and hotels,133.4,130.9,119.0,1.909854851031323,12.100840336134455
501,2023-03-01,CP11,11 Restaurants and hotels,135.1,133.4,121.3,1.2743628185907019,11.376751854905187
515,2023-04-01,CP11,11 Restaurants and hotels,136.0,135.1,123.4,0.6661732050333047,10.210696920583473
530,2023-05-01,CP11,11 Restaurants and hotels,137.3,136.0,124.5,0.9558823529411953,10.281124497991968
545,2023-06-01,CP11,11 Restaurants and hotels,138.0,137.3,126.0,0.5098324836125157,9.523809523809534
552,2023-07-01,CP11,11 Restaurants and hotels,139.3,138.0,127.1,0.9420289855072594,9.598741148701828
565,2023-08-01,CP11,11 Restaurants and hotels,139.1,139.3,128.4,-0.1435750179468842,8.333333333333325
584,2023-09-01,CP11,11 Restaurants and hotels,140.3,139.1,129.1,0.8626887131560235,8.675445391169646
594,2023-10-01,CP11,11 Restaurants and hotels,140.3,140.3,130.4,0.0,7.592024539877307
610,2023-11-01,CP11,11 Restaurants and hotels,140.8,140.3,130.9,0.3563791874554578,7.563025210084029
613,2023-12-01,CP11,11 Restaurants and hotels,141.4,140.8,132.1,0.42613636363635354,7.040121120363363
626,2024-01-01,CP11,11 Restaurants and hotels,140.1,141.4,130.9,-0.9193776520509234,7.028265851795257
644,2024-02-01,CP11,11 Restaurants and hotels,141.5,140.1,133.4,0.9992862241256395,6.071964017990994
661,2024-03-01,CP11,11 Restaurants and hotels,143.0,141.5,135.1,1.0600706713780994,5.8475203552923904
670,2024-04-01,CP11,11 Restaurants and hotels,144.3,143.0,136.0,0.909090909090926,6.102941176470589
683,2024-05-01,CP11,11 Restaurants and hotels,145.3,144.3,137.3,0.6930006930006893,5.826656955571741
692,2024-06-01,CP11,11 Restaurants and hotels,146.7,145.3,138.0,0.9635237439779676,6.304347826086953
706,2024-07-01,CP11,11 Restaurants and hotels,146.1,146.7,139.3,-0.4089979550102263,4.881550610193819
718,2024-08-01,CP11,11 Restaurants and hotels,145.2,146.1,139.1,-0.6160164271047264,4.385334291876353
729,2024-09-01,CP11,11 Restaurants and hotels,146.0,145.2,140.3,0.5509641873278293,4.062722736992153
744,2024-10-01,CP11,11 Restaurants and hotels,146.3,146.0,140.3,0.205479452054802,4.276550249465427
765,2024-11-01,CP11,11 Restaurants and hotels,146.4,146.3,140.8,0.06835269993163973,3.9772727272727293
775,2024-12-01,CP11,11 Restaurants and hotels,146.2,146.4,141.4,-0.1366120218579403,3.3946251768033786
789,2025-01-01,CP11,11 Restaurants and hotels,144.8,146.2,140.1,-0.9575923392612706,3.3547466095646072
0,2020-01-01,CP12,12 Miscellaneous goods and services,105.0,,,,
19,2020-02-01,CP12,12 Miscellaneous goods and services,105.3,105.0,,0.28571428571428914,
26,2020-03-01,CP12,12 Miscellaneous goods and services,105.6,105.3,,0.2849002849002913,
41,2020-04-01,CP12,12 Miscellaneous goods and services,104.8,105.6,,-0.7575757575757569,
62,2020-05-01,CP12,12 Miscellaneous goods and services,104.9,104.8,,0.0954198473282597,
77,2020-06-01,CP12,12 Miscellaneous goods and services,105.0,104.9,,0.09532888465204614,
79,2020-07-01,CP12,12 Miscellaneous goods and services,105.0,105.0,,0.0,
100,2020-08-01,CP12,12 Miscellaneous goods and services,105.1,105.0,,0.09523809523808158,
116,2020-09-01,CP12,12 Miscellaneous goods and services,105.2,105.1,,0.09514747859182826,
126,2020-10-01,CP12,12 Miscellaneous goods and services,105.3,105.2,,0.0950570342205248,
138,2020-11-01,CP12,12 Miscellaneous goods and services,105.2,105.3,,-0.09496676163341933,
143,2020-12-01,CP12,12 Miscellaneous goods and services,105.3,105.2,,0.0950570342205248,
162,2021-01-01,CP12,12 Miscellaneous goods and services,105.5,105.3,105.0,0.18993352326686086,0.4761904761904745
177,2021-02-01,CP12,12 Miscellaneous goods and services,105.5,105.5,105.3,0.0,0.18993352326686086
185,2021-03-01,CP12,12 Miscellaneous goods and services,105.8,105.5,105.6,0.28436018957345155,0.18939393939394478
207,2021-04-01,CP12,12 Miscellaneous goods and services,105.4,105.8,104.8,-0.3780718336483857,0.5725190839694694
214,2021-05-01,CP12,12 Miscellaneous goods and services,106.0,105.4,104.9,0.5692599620493288,1.0486177311725298
233,2021-06-01,CP12,12 Miscellaneous goods and services,106.2,106.0,105.0,0.18867924528302993,1.1428571428571566
245,2021-07-01,CP12,12 Miscellaneous goods and services,106.0,106.2,105.0,-0.18832391713747842,0.952380952380949
247,2021-08-01,CP12,12 Miscellaneous goods and services,106.3,106.0,105.1,0.2830188679245227,1.141769743101806
270,2021-09-01,CP12,12 Miscellaneous goods and services,106.3,106.3,105.2,0.0,1.0456273764258395
273,2021-10-01,CP12,12 Miscellaneous goods and services,106.8,106.3,105.3,0.470366886171214,1.4245014245014342
294,2021-11-01,CP12,12 Miscellaneous goods and services,106.8,106.8,105.2,0.0,1.520912547528508
310,2021-12-01,CP12,12 Miscellaneous goods and services,107.031,106.8,105.3,0.21629213483147502,1.6438746438746543
314,2022-01-01,CP12,12 Miscellaneous goods and services,107.2,107.031,105.5,0.15789817903224534,1.611374407582944
325,2022-02-01,CP12,12 Miscellaneous goods and services,107.3,107.2,105.5,0.0932835820895539,1.7061611374407537
338,2022-03-01,CP12,12 Miscellaneous goods and services,107.7,107.3,105.8,0.37278657968313755,1.7958412098298737
358,2022-04-01,CP12,12 Miscellaneous goods and services,108.3,107.7,105.4,0.557103064066844,2.751423149905108
367,2022-05-01,CP12,12 Miscellaneous goods and services,109.0,108.3,106.0,0.6463527239150446,2.8301886792452935
379,2022-06-01,CP12,12 Miscellaneous goods and services,109.5,109.0,106.2,0.4587155963302836,3.1073446327683607
393,2022-07-01,CP12,12 Miscellaneous goods and services,110.2,109.5,106.0,0.6392694063926951,3.9622641509434064
404,2022-08-01,CP12,12 Miscellaneous goods and services,111.2,110.2,106.3,0.9074410163339319,4.609595484477902
416,2022-09-01,CP12,12 Miscellaneous goods and services,111.7,111.2,106.3,0.4496402877697925,5.079962370649116
429,2022-10-01,CP12,12 Miscellaneous goods and services,112.3,111.7,106.8,0.5371530886302489,5.149812734082393
454,2022-11-01,CP12,12 Miscellaneous goods and services,112.6,112.3,106.8,0.2671415850400649,5.4307116104868935
457,2022-12-01,CP12,12 Miscellaneous goods and services,113.0,112.6,107.031,0.355239786856143,5.576888938718683
469,2023-01-01,CP12,12 Miscellaneous goods and services,113.5,113.0,107.2,0.4424778761061843,5.876865671641784
490,2023-02-01,CP12,12 Miscellaneous goods and services,114.5,113.5,107.3,0.8810572687224738,6.710158434296365
500,2023-03-01,CP12,12 Miscellaneous goods and services,115.0,114.5,107.7,0.4366812227074135,6.778087279480038
517,2023-04-01,CP12,12 Miscellaneous goods and services,115.7,115.0,108.3,0.6086956521739184,6.8328716528162525
529,2023-05-01,CP12,12 Miscellaneous goods and services,116.4,115.7,109.0,0.6050129645635227,6.788990825688068
539,2023-06-01,CP12,12 Miscellaneous goods and services,116.6,116.4,109.5,0.1718213058419238,6.4840182648401745
556,2023-07-01,CP12,12 Miscellaneous goods and services,116.6,116.6,110.2,0.0,5.807622504537191
559,2023-08-01,CP12,12 Miscellaneous goods and services,117.1,116.6,111.2,0.42881646655230643,5.305755395683454
575,2023-09-01,CP12,12 Miscellaneous goods and services,117.3,117.1,111.7,0.1707941929974366,5.01342882721576
595,2023-10-01,CP12,12 Miscellaneous goods and services,117.7,117.3,112.3,0.34100596760444635,4.808548530721279
602,2023-11-01,CP12,12 Miscellaneous goods and services,117.6,117.7,112.6,-0.0849617672047609,4.440497335701599
619,2023-12-01,CP12,12 Miscellaneous goods and services,117.3,117.6,113.0,-0.25510204081632404,3.8053097345132736
627,2024-01-01,CP12,12 Miscellaneous goods and services,118.4,117.3,113.5,0.9377664109121886,4.317180616740091
647,2024-02-01,CP12,12 Miscellaneous goods and services,118.4,118.4,114.5,0.0,3.406113537117905
658,2024-03-01,CP12,12 Miscellaneous goods and services,118.7,118.4,115.0,0.2533783783783772,3.2173913043478386
665,2024-04-01,CP12,12 Miscellaneous goods and services,119.6,118.7,115.7,0.7582139848357095,3.3707865168539186
687,2024-05-01,CP12,12 Miscellaneous goods and services,119.8,119.6,116.4,0.16722408026756952,2.9209621993127044
698,2024-06-01,CP12,12 Miscellaneous goods and services,119.8,119.8,116.6,0.0,2.7444253859348233
705,2024-07-01,CP12,12 Miscellaneous goods and services,120.6,119.8,116.6,0.6677796327211993,3.430531732418518
720,2024-08-01,CP12,12 Miscellaneous goods and services,120.9,120.6,117.1,0.24875621890547706,3.2450896669513396
740,2024-09-01,CP12,12 Miscellaneous goods and services,121.1,120.9,117.3,0.16542597187758634,3.239556692242118
748,2024-10-01,CP12,12 Miscellaneous goods and services,121.1,121.1,117.7,0.0,2.8887000849617595
759,2024-11-01,CP12,12 Miscellaneous goods and services,121.2,121.1,117.6,0.08257638315443128,3.061224489795933
768,2024-12-01,CP12,12 Miscellaneous goods and services,121.4,121.2,117.3,0.16501650165017256,3.4953111679454363
786,2025-01-01,CP12,12 Miscellaneous goods and services,121.6,121.4,118.4,0.16474464579900872,2.7027027027026973
